url_path,views_total,views_unique
/mcmarius/pbd/blob/master/laboratoare.md,194,38
/mcmarius/pbd/blob/master/rezumat.md,135,30
/mcmarius/pbd,42,21
/mcmarius/pbd/blob/master/diverse.md,30,14
/mcmarius/pbd/blob/master/README.md,27,10
/mcmarius/pbd/tree/master/scripts/hr,16,6
/mcmarius/pbd/tree/master,11,7
/mcmarius/pbd/blob/0e4a5a179089efa0980728c52a123f641c678b81/diverse.md,8,1
/mcmarius/pbd/blob/0e4a5a179089efa0980728c52a123f641c678b81/laboratoare.md,8,1
/mcmarius/pbd/blob/master/scripts/hr/oracle_hr_create1.sql,6,3
